promotion_id,supplier_id,promotion_name,promotion_fees,promotion_start_date,promotion_end_date
83573o,74417a,Compatible didactic implementation,880.12,10/26/2023,11/10/2023
70855r,39323i,Cross-group well-modulated focus group,462.94,10/26/2023,11/25/2023
04669s,56269b,Down-sized empowering migration,395.41,12/20/2023,1/8/2024
82251u,74417a,Enterprise-wide zero tolerance installation,348.36,9/18/2023,10/15/2023
09724c,74417a,Self-enabling context-sensitive superstructure,416.22,3/7/2023,3/23/2023
66235n,56269b,Secured non-volatile infrastructure,192.32,10/22/2023,11/5/2023
02656r,39323i,Implemented actuating info-mediaries,971.88,2/8/2024,3/1/2024
29329o,74417a,Re-contextualized user-facing utilisation,598.68,9/24/2023,10/23/2023
58571t,79241s,Advanced national conglomeration,510.69,1/3/2024,1/25/2024
02962w,56269b,Compatible static methodology,152.05,3/6/2023,4/1/2023
